{
  "success": true,
  "data": {
    "title": "SMP Amberwood- Pune",
    "meta_description": "Luxury real estate in the heart of the city.",
    "keywords": "real estate, luxury homes, SMP Amberwood",
    "favicon": "/favicon.ico",
    "og_title": "SMP Amberwood",
    "og_description": "Discover your dream luxury home.",
    "domain": "domain.com",
    "property_name": "Property name",
    "og_image": "/images/og-image.jpg",
    "og_type": "website",
    "script_1": "{\"@context\": \"https://schema.org\", \"@type\": \"WebSite\", \"name\": \"SMP Amberwood\"}",
    "script_2": "{\"@context\": \"https://schema.org\", \"@type\": \"Organization\", \"name\": \"Amberwood Realty\"}",
    "h1": "",
    "h2": "",
    "about_builder": "",
    "property_detail": ""
  }
}
